Date,Comp,LA,MIA,NY,PX,CHI,DET,DC,OAK,TX,SF,SEA,Common Factor
Feb-75,7.1635835249,15.9919520794,112.1328180093,-16.5039910805,18.7610029392,-21.0647208145,16.3016732243,-11.3997057428,11.2801494143,21.2670359863,,,0
Mar-75,9.1244317268,17.6693904431,143.9358397902,-21.1084228268,25.3596357973,-27.541091314,17.5893975581,-14.9833865933,10.5206153322,28.7028182636,,,0
Apr-75,9.028571637,17.4129884678,128.5768436111,-21.5833892914,24.8347824697,-27.840286351,17.3352952411,-15.5644205312,11.0780042792,28.0322824518,,,0
May-75,8.946155051,17.6220084847,116.1237361118,-22.1884639697,24.3312145112,-28.8576956297,17.0884301904,-15.7689522733,10.3337560019,27.1526735869,,,0
Jun-75,-4.2075562781,2.6667548966,-122.5364813775,11.7099358965,-21.7466776515,13.8115734512,5.5454312478,11.0599861259,10.8829766998,-23.4803255204,,,0
Jul-75,-4.1789722997,2.9091957394,-136.4871928477,11.664676452,-21.8851050451,13.3062349664,5.2300324919,11.3485274308,10.7851637969,-23.9489483562,,,0
Aug-75,-4.2390131705,2.9021599431,-153.9192105932,11.4851245781,-22.5595497315,13.5046873281,5.2073370047,10.8562937545,10.0629520515,-24.4366584324,,,0
Sep-75,9.4345244427,20.5030449733,25.9272731625,18.0831636603,-28.1919448836,15.0558005768,-9.8551278549,-3.8659827252,19.2600562097,33.1332489334,,,0
Oct-75,9.2628965017,20.1586093566,25.4826628081,17.8062219626,-29.151231085,14.5333419853,-9.9367348107,-4.2670159717,18.3489813581,32.0018964986,,,0
Nov-75,9.1776553983,19.8255552999,24.7654524689,17.1471603536,-29.588981266,14.3594311158,-10.0197045782,-3.892316095,18.0726307509,31.1705836839,,,0
Dec-75,1.6711737207,21.7114613817,6.0365115664,-16.7513842732,18.0110587467,-4.6563251328,9.1389705937,-5.0789592342,27.1932818671,-16.7934149019,,,0
Jan-76,1.6843844252,20.9083504352,6.0062973589,-16.6274392008,18.0242768863,-4.6744633399,9.3613346522,-5.1005471592,26.590683362,-17.0317701662,,,0
Feb-76,1.7197170026,20.9604563487,6.0654662982,-17.2272840448,17.7575495436,-4.6927434106,9.2888707644,-5.1223193851,26.0142138498,-17.2769890982,,,0
Mar-76,19.8572026609,23.602263907,82.5961592009,2.1511883188,48.3141831334,11.3649874562,4.9056218373,22.2989301514,5.5814054109,48.2803033775,,,0
Apr-76,19.5748837828,23.1469818676,77.3629374043,2.080455849,46.4440195783,10.9287356727,4.8856491868,22.272639376,5.5555654785,46.1861894454,,,0
May-76,19.2373750196,22.7089325021,72.7455854439,2.1436225517,44.7132587094,10.8301022267,4.580158232,21.4931118798,5.5299637034,44.6925206168,,,0
Jun-76,8.7089286008,22.1481661896,-75.2336710768,27.4652908811,-22.7729606994,30.961136937,-0.8574491254,14.4870974811,29.4292678357,-12.5058266871,,,0
Jul-76,8.623038174,21.9166471769,-80.0112790692,26.8234532264,-23.4683118152,29.8718424783,-1.1442193954,13.9493770227,28.7247757727,-12.6375301936,,,0
Aug-76,8.6315393642,21.3566850023,-85.9043680428,26.2912766748,-23.676513236,29.4493306993,-1.1453114685,14.1498238109,28.0532256109,-12.9973259408,,,0
Sep-76,0.5796122924,12.5058813796,24.818225417,-23.7718795561,-0.2599371995,-5.7714324642,11.6879413119,-4.6980936384,5.635015691,1.1260205387,,,0
Oct-76,0.5873434716,12.017855764,24.2337220833,-24.1566551223,-0.2599935178,-5.4933971825,11.5751985614,-4.71655936,5.0998801792,1.1249649272,,,0
Nov-76,0.5761214393,12.0923522076,23.8339999843,-24.7506123256,0,-5.8259984119,11.4646100968,-4.7351708125,5.0782978879,0.8992132305,,,0
Dec-76,12.9649338293,18.7740639063,-22.0797144011,27.8884156058,18.5770211351,31.2493957238,-1.6709215974,-2.557467858,24.081075661,17.401308829,,,0
Jan-77,12.8799252388,18.8294350417,-22.3229740226,27.3100886884,18.2938118723,30.1642298967,-1.9523537136,-2.9295101519,23.6073187184,17.1525735086,,,0
Feb-77,12.7200637741,18.044745353,-23.0203634571,26.7643097238,18.267478162,29.7094852445,-1.9555352948,-2.9366793488,23.6294554682,17.1261149114,,,0
Mar-77,19.1823802456,33.9041824175,95.2820287007,-7.6680143076,-5.4760517706,31.4919666063,0,24.3755538914,33.8978992787,37.5063636871,,,0
Apr-77,18.8534657762,32.6515046309,88.197221086,-7.7441334783,-5.5011557387,30.9570871438,0,23.5371587342,32.9665905807,36.3695331678,,,0
May-77,18.5609568436,31.7865536896,82.2242002698,-7.7592486072,-5.5264907753,29.9147474293,0,23.0843609405,32.0850899382,35.2995955049,,,0
Jun-77,11.1807827124,29.2755083296,-63.3856364762,7.0130516803,20.7181433055,-13.5294900609,24.9028996858,11.7208630755,35.9528786667,-20.2151766498,,,0
Jul-77,11.0604318384,28.5782716012,-66.9255631768,6.7912797386,20.6097889401,-13.6837704103,24.1282272943,11.9471901367,34.492385113,-20.5615647006,,,0
Aug-77,10.9528688312,27.9134752921,-70.8752672646,6.7530614703,20.0225773424,-13.8416099846,23.9157605733,11.4930455997,33.5285865139,-20.7131520442,,,0
Sep-77,15.8196535249,15.5219553913,23.5398099672,12.8916712544,17.8097659084,37.0914186528,18.5362110494,7.0440453838,-2.0178245884,27.8083665655,,,0
Oct-77,15.5993178292,15.3237405409,23.1683096139,12.4308856407,17.549303705,36.2360539595,18.5093643908,7.0029377569,-2.0212233177,27.1785139523,,,0
Nov-77,15.4084831449,15.0029650514,22.5598270869,12.5380413241,17.2963501765,34.9244387988,17.9769160036,6.9623071393,-2.4299704557,26.5765625608,,,0
Dec-77,7.8980181181,12.3220669078,-1.6263660877,1.7327873002,14.5649426814,-15.5650717804,1.7578741241,13.4777474855,23.2861104116,15.9349593759,,,0
Jan-78,7.8159750022,12.1968240832,-1.5526763513,1.6181135815,14.1667530964,-15.7696207517,1.7553027892,13.0047330765,22.8428295573,15.9143475503,,,0
Feb-78,7.8011334502,12.074101728,-1.6306832228,1.6758399077,14.0014553035,-15.9796175714,1.7527389658,13.1851788786,22.7989469298,15.5202786749,,,0
Mar-78,20.9114850332,16.5196272196,51.0883715208,19.7649203807,15.1497758096,55.765049254,34.5276593254,11.4589730158,4.5845327969,12.7513327338,,,0
Apr-78,20.5408783946,16.0308169999,48.992749549,19.4446451512,14.96089483,53.2882708295,33.7982992346,11.6643503456,4.5670844852,12.6172590947,,,0
May-78,20.2056694299,15.8194812246,47.079502854,19.3570825712,14.7766656887,51.0221779459,32.8723808991,11.2413000043,4.9281383432,12.4859755738,,,0
Jun-78,10.6609125408,13.4560831105,-10.6868099506,6.7039466623,25.4813470144,-10.0323594026,19.3902137285,19.7281607427,12.41974392,12.3573959721,,,0
Jul-78,10.5366733979,13.3068662193,-10.8512813403,6.6916884732,25.1555603065,-10.1169405525,19.0818724717,19.1082010383,12.2925178594,12.4077914893,,,0
Aug-78,10.4400277367,13.0459595089,-10.8812329431,6.6545797322,24.6390345782,-10.2029600163,18.7831843364,19.1048811442,12.167871961,12.280808939,,,0
Sep-78,12.9838746751,14.267746979,13.1098002292,8.8385335648,26.4920149542,29.4436852545,20.0040870789,8.8517736015,14.2229289993,24.3619338207,,,0
Oct-78,12.786107406,13.9878098249,12.9592977356,8.6616919537,26.1111115715,28.7385109974,19.4639326401,8.7869565183,13.6979558859,24.0448287287,,,0
Nov-78,12.7038516789,13.6938124023,12.8964344115,8.8442627743,25.5550315326,28.0663259418,19.362047547,9.0127619309,13.5433573005,23.4080881508,,,0
Dec-78,17.7099942055,16.1279385379,19.9725175551,35.9669884316,18.5848534286,-26.9575759785,19.054594348,7.7950472585,14.0929394292,8.6820391007,,,0
Jan-79,17.4807362763,15.9140514154,19.8551881442,34.7923355077,18.48301886,-27.5771127241,18.9590285236,8.0306227053,13.9293496698,8.6196751997,,,0
Feb-79,17.1330635192,15.4714007042,19.4565385063,33.7681679982,18.023769292,-28.22579693,18.4649905203,7.6932472928,13.4271950318,8.3972890103,,,0
Mar-79,13.9836466647,19.9127568968,6.8140513273,5.8080620263,11.3947443614,17.9761379573,30.0925381436,14.3984788244,19.0210605709,18.3648537425,,,0
Apr-79,13.8066161278,19.4641636544,6.7673593847,5.7800860567,11.1120070644,17.7108229058,29.3563284787,13.9504012417,18.7242584092,18.0880284239,,,0
May-79,13.6079944455,19.0518511436,6.7294089427,5.7092342788,11.0100532408,17.4532258051,28.470197557,14.0642768135,18.4365766411,17.665608287,,,0
Jun-79,12.7526441539,16.4557472381,3.7989149395,17.7117623664,22.9169144225,-7.353100716,15.4484892192,9.2854354969,29.0492937285,11.634228138,,,0
Jul-79,12.6566898178,16.3514713295,3.7788061801,17.4122386132,22.6549416669,-7.1735689063,15.2521345121,9.484073303,28.3626648393,11.3716183597,,,0
Aug-79,12.5093945927,16.1316544037,3.8404454689,17.1631929634,22.0707321144,-7.216710343,14.8825217239,9.4097043144,28.0120453156,11.4143538958,,,0
Sep-79,9.6198555407,16.2443358091,28.7810336355,-0.9305785622,16.3312264762,9.2386147809,4.2692010639,7.7411012527,17.2186717617,5.5179367717,,,0
Oct-79,9.5615621481,15.8187148224,28.1036124372,-0.6366884688,16.1119498851,9.168031178,4.2540664936,7.9558302464,16.9750938342,5.6407822817,,,0
Nov-79,9.5305802798,15.9126134411,27.5214324716,-0.6784084404,16.0564096093,9.3195734699,4.2390388503,7.6408206335,17.0298918818,5.466979843,,,0
Dec-79,11.3047017842,14.4462269993,7.0753554893,30.4134257857,-9.5125349506,-5.0946084829,-8.3155511526,20.312985026,23.9575004763,13.049184731,,,0
Jan-80,11.168899617,14.274382474,6.9767886165,29.6616268011,-9.5885448249,-5.1163299305,-8.5523747305,19.9748530114,23.4885461585,12.9088088366,,,0
Feb-80,11.096131931,14.1065782739,7.0037773491,28.9461008818,-9.5040432269,-4.9143776801,-8.4336795739,19.397924224,23.0375989489,12.7714209989,,,0
Mar-80,8.2231825618,16.9982071965,7.6317911552,4.479551991,5.9689576799,8.2535877005,12.1828457568,8.7146352501,17.1957906658,23.3236625498,,,0
Apr-80,8.216609652,16.8660169102,7.5835608663,4.5254497651,5.9394141415,8.4179780317,11.8839194589,8.6518038801,16.9528551111,22.7416096695,,,0
May-80,8.1230201594,16.6322467257,7.4802380726,4.338146351,6.0694925392,8.1400990475,11.9421445131,8.5898720402,16.9801639276,22.3186292827,,,0
Jun-80,12.9486800636,15.3747035991,31.5925895762,7.6747463973,30.5167841311,-23.9166432949,1.2226185469,12.1655543168,9.7081539664,-6.353870531,,,0
Jul-80,12.8418137363,15.4504621667,30.8379390132,7.5828523049,29.6084051638,-24.4030250944,1.2213741512,12.0434571712,9.8894508971,-6.3876927544,,,0
Aug-80,12.6809983774,15.1705848198,30.0652717669,7.4740774435,29.0433338147,-24.909600928,1.0459036107,11.9237865,9.8086155914,-6.4218769831,,,0
Sep-80,2.1544371381,7.7990450121,22.6884481881,5.1194720505,-4.5940160705,16.8935390555,0,3.5541540445,13.5479125678,11.5890237771,,,0
Oct-80,2.1393724112,7.7486845529,22.3759967481,5.0182607349,-4.4626306548,16.6590105317,0,3.5436584468,13.396663623,11.4781722479,,,0
Nov-80,2.1222454478,7.6989703044,21.9085521844,4.9973623153,-4.6288864812,16.4309047392,-0.1742539755,3.5332246548,13.2487545141,11.3694212801,,,0
Dec-80,5.4483969736,7.3606975808,-7.7613927823,5.1116274036,23.2614234427,9.5742227895,-4.3645934491,5.6316098667,11.6277582296,-10.4290350019,,,0
Jan-81,5.4683208624,7.3966989136,-7.8027345721,5.3320131151,22.8190731329,9.4984389154,-4.2049977325,5.6053040805,11.2722903614,-10.5204675191,,,0
Feb-81,5.3729359497,7.2710033065,-7.8630472058,5.0674271526,22.2519153881,9.4238453462,-4.3959313575,5.5792429058,11.4090067452,-10.6135174248,,,0
Mar-81,12.6284625374,6.6750465417,33.2034278218,8.6449314606,-10.2188672129,25.9142696061,15.054902057,7.8597853709,1.9312013824,32.494542033,,,0
Apr-81,12.4601029678,6.6381217035,32.2064535167,8.4812805598,-10.3066361576,25.3664544833,14.8683648272,7.8086399939,1.6872554753,31.5082098164,,,0
May-81,12.3836941058,6.6016030085,31.410494317,8.5403300721,-10.3959259457,25.046187343,14.6863936454,7.7581559446,1.9253915081,30.8283222919,,,0
Jun-81,5.7639799764,15.8333687967,-61.0248299047,14.579685329,40.9138637726,-5.337904439,0.848356345,-16.2582393458,7.431848747,9.4345053297,,,0
Jul-81,5.7849728503,15.6271735732,-64.2952443437,14.5204017903,39.7003815415,-5.1550899797,1.0172365684,-16.4815435416,7.6236111086,9.2365756626,,,0
Aug-81,5.7168336162,15.3502450916,-67.8822501332,14.1930024813,38.4289009315,-5.1773313549,0.8470389284,-16.7110673534,7.5754838289,9.2894100679,,,0
Sep-81,1.0594133266,4.218102362,57.9784098957,-0.5422823285,-30.7248704408,1.6591775889,2.7065136931,15.0737997765,9.1684254408,18.1227934261,,,0
Oct-81,1.1067422277,4.369162292,55.3639439718,-0.5988688456,-31.3939651249,1.8638367713,2.868997921,15.1179439203,9.3313067399,17.9728946473,,,0
Nov-81,1.0974803793,4.1128434085,52.9157653325,-0.3887861957,-32.2373976811,1.6543169947,2.6939817685,14.7015621366,9.0286911885,17.7076746206,,,0
Dec-81,-0.1422803906,-7.2094736695,-5.2538458279,-5.1550536332,-14.290987053,-25.9017888899,-1.1778729123,10.9091660415,-12.0534140697,13.1405302125,,,0
Jan-82,-0.1078126455,-7.0858011668,-5.2208216836,-5.1943105898,-14.3177354228,-26.257384863,-1.3475576935,10.8108839308,-12.4110775554,12.9981928507,,,0
Feb-82,-0.1608870379,-7.2961349577,-5.3000086736,-5.1998023168,-14.6378980215,-27.0655343683,-1.3490726547,10.4921140923,-12.540782578,12.7447019129,,,0
Mar-82,4.3304896093,5.6226029157,19.0920360599,26.2897024849,27.0852415746,9.4549275209,-9.1461275502,-17.4629947463,1.901367005,2.1680222699,,,0
Apr-82,4.3356697693,5.6871785238,18.7844694288,25.8038213618,26.3465160747,9.381013142,-9.3877158956,-17.7208824286,1.6612283875,2.164112399,,,0
May-82,4.2975241123,5.5699819998,18.4495918176,25.2380205982,25.9183322023,9.3082454635,-9.2890372094,-18.2188567272,1.8957349914,2.160216605,,,0
Jun-82,0.2086144466,-10.3372210994,-15.6037443388,3.4377623594,-23.3854982142,4.9493480006,-23.3660390204,6.7201102533,5.9049425323,-6.7207921655,,,0
Jul-82,0.2026510395,-10.5038972542,-15.8093177336,3.5733726824,-23.8503060018,4.7151337679,-23.8300658462,6.4528674795,5.8760278022,-6.8735271461,,,0
Aug-82,0.1875684653,-10.7669751827,-15.9644229336,3.5627633686,-24.3339659791,4.9097284536,-24.3128969813,6.4183534101,5.8473948662,-6.7975795037,,,0
Sep-82,5.4796715979,12.2373855025,11.7412361102,-0.8399155401,28.4849810239,-5.5516113252,-60.1347042824,19.5015629803,-9.1344249003,13.556869894,,,0
Oct-82,5.4785068863,12.1138495702,11.6737413898,-0.6098002636,27.8244679077,-5.792448898,-63.3079050783,19.1896986294,-9.4414334407,13.4054219997,,,0
Nov-82,5.4448900226,11.9927829742,11.4670750417,-0.6425155179,27.1938939392,-5.6044650103,-66.8347414177,18.8876520026,-9.5163068112,13.3690471388,,,0
Dec-82,3.7896595255,2.401153016,2.7183613309,10.6703513298,15.9984292414,-0.6483566119,61.9492384864,-3.2730268495,11.4105455628,0.1117162408,,,0
Jan-83,3.7985233949,2.3963579341,2.6640675908,10.7393761768,15.6550137756,-0.6487071065,58.7133103369,-3.0629004778,11.3030662998,0.1117058414,,,0
Feb-83,3.8037441082,2.4663654949,2.7146725186,10.5560951262,15.45340823,-0.4326663108,55.9741020804,-3.2903777128,11.429768595,0.1116954438,,,0
Mar-83,6.3608609163,-0.1642667824,3.5387011952,11.7863114541,8.1090227003,19.1042403578,-16.2379023249,12.673096666,0.2321307677,-0.4468441683,,,0
Apr-83,6.3617117727,0.0747889212,3.4830386225,11.6209147696,8.0545933858,19.0144823383,-16.6511659365,12.3255430841,0.4641268671,-0.4470106217,,,0
May-83,6.2943252023,-0.0894844719,3.5657062125,11.5597282215,8.000889964,18.7178838364,-16.8854720801,12.2002299437,0.2319961341,-0.4471771991,,,0
Jun-83,5.2874469967,2.7308678791,-3.3305865883,17.1054338603,-23.2462223044,5.5589015939,4.05112514,-0.8521214631,1.8543561735,-1.1186725896,,,0
Jul-83,5.2868448991,2.6355821472,-3.396178437,17.0625742836,-23.5717135679,5.5332691328,3.8455408651,-0.8527269856,1.8514950635,-1.1197164198,,,0
Aug-83,5.2260627912,2.5555083869,-3.3493352288,16.6767523326,-24.0440281363,5.507871973,3.8332567335,-1.0667615602,1.8486427688,-1.008638864,,,0
Sep-83,4.3506602708,1.3671254235,-1.7955503063,13.5618532123,-1.7750472427,4.8747528107,-19.8734343598,8.9314606885,8.7423699554,1.9044955685,,,0
Oct-83,4.3024905482,1.1285873621,-1.7500765423,13.4616983092,-1.6408389241,4.8550302235,-20.208112638,8.6551523071,8.4515434532,2.0132356293,,,0
Nov-83,4.3001875972,1.3642866375,-1.8550740633,13.2331143634,-1.7801109954,4.6343773494,-20.5542565682,8.5931726917,8.6184456644,1.8982928632,,,0
Dec-83,5.4401032061,4.6464543705,0.3474768253,9.9124417832,9.4182363606,3.0128060014,17.5827321442,-8.3828493189,-1.3566988443,-5.2555644739,,,0
Jan-84,5.4451697609,4.8634231597,0.2475118837,9.7812214051,9.2099774727,3.0052607743,17.3288209858,-8.4418216596,-1.3582344404,-5.3912483045,,,0
Feb-84,5.4444512465,4.770608898,0.3016293326,9.7517462302,9.2737203362,2.9977532452,17.0821389862,-8.2883531486,-1.1330375688,-5.3025047496,,,0
Mar-84,11.0442766447,-0.129426062,2.210377387,23.9263707191,27.5296070693,9.5427938286,-4.2477920461,21.5574659704,1.8123469558,4.1762728509,,,0
Apr-84,10.9689838748,-0.1294400228,2.3083022711,23.4756837716,26.9121791253,9.4675047302,-4.0687856854,21.3827991359,2.0356238978,4.1617888648,,,0
May-84,10.8574275251,-0.2902672835,2.3038705783,22.9823493282,26.3218398676,9.5883102872,-4.2773862528,21.0084400263,2.0321766076,4.1474049971,,,0
Jun-84,6.6529221533,6.4482402621,-7.2765857433,15.6148352182,4.6223575093,3.1143569792,-0.779347324,3.2306935213,7.4220084789,9.362856341,,,0
Jul-84,6.6482814254,6.3271011576,-7.318436691,15.4866395641,4.4804034707,3.3001719417,-0.7798538049,3.4231082865,7.3763853389,9.4005365309,,,0
Aug-84,6.5932623265,6.2939158197,-7.365901581,15.271907431,4.5874932942,3.291120882,-0.7803609444,3.2128533249,7.3313196655,9.2181523258,,,0
Sep-84,4.0480066882,0.9339425126,7.5274994433,15.1410666121,-15.4439080232,5.4010700406,-3.3222071541,2.0036738668,5.9652152664,-2.2979079652,,,0
Oct-84,4.0693122929,0.8471229677,7.4865402984,14.9939079659,-15.6452641896,5.5684554678,-3.1352075313,2.200183965,6.1549869322,-2.4120611136,,,0
Nov-84,4.0445266942,1.004457431,7.4341936846,14.7678723969,-15.8519403177,5.5427350276,-3.1434202651,1.9966726736,5.905416092,-2.3069536102,,,0
Dec-84,9.8140600393,5.9029815315,-2.4441226842,16.3861841292,17.2481010419,-0.1907032185,9.2104640947,4.3810204652,10.2109786016,-6.5052761877,,,0
Jan-85,9.8031902019,5.9592670301,-2.4946960253,16.2982011101,17.1287543055,-0.1907335298,9.1403083514,4.5631203203,10.3393208289,-6.5407340093,,,0
Feb-85,9.6762795612,5.8450580412,-2.5083853034,15.9720724221,16.7643849965,-0.1907638507,8.8789209964,4.5458343088,10.0383249791,-6.5765804849,,,0
Mar-85,8.1746620291,3.9973942034,-1.722921719,16.9049920188,4.0625840529,8.1755841863,7.0943723449,8.8445245197,-0.6382413057,5.2418876047,,,0
Apr-85,8.1597754133,4.0683217299,-1.7253990417,16.7558684038,4.0488765828,8.1202607443,6.8626080601,8.7798131682,-0.8515168,5.2190893356,,,0
May-85,8.0818261407,3.9706603465,-1.7278834492,16.4628831938,3.9131798823,8.0656810101,7.0125762229,8.909014452,-0.6390343632,5.1964885186,,,0
Jun-85,10.0784429165,9.5595309105,-3.9086067959,17.6360715046,2.3174271496,4.8507528738,5.8440143779,10.5659851761,15.0332799824,0.4412170286,,,0
Jul-85,9.9553511021,9.3323389796,-3.9213794157,17.269626554,2.3129603839,4.8312236208,6.0028263366,10.4737632296,14.8472748796,0.3308063425,,,0
Aug-85,9.91229679,9.4792958214,-3.8879059523,17.1094990128,2.3085108041,4.6271361411,5.7867421776,10.3831372252,14.871102538,0.3307151737,,,0
Sep-85,9.5846438138,4.0432340059,6.6006381118,20.4103592189,1.0919570348,8.4675915082,5.758970725,1.1272898903,2.2558325023,-5.856095596,,,0
Oct-85,9.4984516129,3.8802001893,6.612886171,20.0720894904,1.0909642576,8.2260966508,5.5470052546,1.1262318987,2.4560813623,-5.8848140145,,,0
Nov-85,9.4116148376,4.016669518,6.528551662,19.7185117899,0.9689140461,8.1700898093,5.7050947119,0.9377198258,2.2470004012,-5.8019638828,,,0
Dec-85,8.1097510626,3.7883735338,0.5515261053,15.5442645777,10.1266423682,1.8080461459,4.0323850377,5.4243721076,5.4975916975,10.3568922791,,,0
Jan-86,8.0784417545,3.9244723141,0.4036879979,15.3880449037,10.1609413198,1.6249156173,4.0188802977,5.2141609039,5.4725202522,10.3782043507,,,0
Feb-86,7.9585704811,3.7641403046,0.5030535125,15.0635454015,9.9575796412,1.6227183,4.0054657125,5.1916026589,5.447676443,10.2892174662,,,0
Mar-86,14.0627610605,7.4513462318,17.5905913009,29.5027859853,13.9666107814,10.0479055956,14.8127727626,11.7828501144,8.2253937365,8.7960214656,,,0
Apr-86,13.8152998405,7.1932630053,17.3422288019,28.6712790942,13.8059240157,9.7872567459,14.6321515504,11.4868308544,8.1693964335,8.7320153524,,,0
May-86,13.7218087406,7.361240465,17.0894752055,28.0748333696,13.5348404713,9.8838623192,14.4558821771,11.3779165285,8.1141564211,8.6689340219,,,0
Jun-86,12.3665867926,9.3047630435,0.6707404648,22.1798106345,0.7981377228,12.4154112942,14.8031773451,11.9831087434,10.799385658,-10.6038981606,,,0
Jul-86,12.2072318612,9.1554629942,0.6244193606,21.7485077869,0.6836957812,12.2882735301,14.4517875718,11.8646284908,10.8967831629,-10.8069894675,,,0
Aug-86,12.0948056051,9.1632593356,0.6700171272,21.361349482,0.7971530325,12.1637132563,14.4487899009,11.7484682115,10.6067384006,-10.7956564364,,,0
Sep-86,11.4047958957,10.7044699011,1.8626792244,22.5664730163,-11.3235363353,12.8851195604,11.6024164554,8.6931704433,8.2277289558,-8.5746059229,,,0
Oct-86,11.285773995,10.609825429,1.8573935029,22.2243430299,-11.4314071047,12.5813691801,11.3255524927,8.4586410795,8.1716999608,-8.6363170333,,,0
Nov-86,11.2111541064,10.5168400169,1.7598400775,21.8389541407,-11.4242168317,12.615969017,11.2196609977,8.5702406843,8.1164288972,-8.6989228518,,,0
Dec-86,12.9731442267,12.7333545919,-5.0074587187,22.3076968641,18.7113373844,5.7656779187,11.7664023206,11.8964293964,8.9958253552,4.5803714318,,,0
Jan-87,12.8554630939,12.7960802171,-5.1182223397,21.900559485,18.5376052384,5.5745420649,11.4910851783,11.7796486506,9.1142033115,4.5629547211,,,0
Feb-87,12.7105449931,12.5275153322,-5.0499801727,21.4672628596,18.1437461299,5.7115767036,11.541633188,11.6651383803,8.8615787321,4.5456699619,,,0
Mar-87,12.5043337548,10.8957745391,17.1210905326,22.4789084731,-7.6297592456,18.2568314456,19.3067595959,12.866102633,8.2487149819,-12.7938911782,,,0
Apr-87,12.4069202319,10.7380137171,16.8746770769,22.149309509,-7.7918685218,17.9832289311,19.0010459177,12.8919442173,8.0109537386,-13.0448290499,,,0
May-87,12.2492100734,10.7019692754,16.640668399,21.6510249896,-7.728763206,17.717706065,18.8569833642,12.5943029024,8.1380765524,-13.0738823395,,,0
Jun-87,12.0866880144,17.2344825635,0.2265736039,14.7690999137,0.6839555323,11.0000124715,7.2791831949,22.9093528242,13.2637646109,-17.5017494985,,,0
Jul-87,11.9410832535,16.9216296091,0.1323074794,14.5113959103,0.6835659614,10.9000941353,7.3855662387,22.4801682776,13.1187597002,-17.8785136741,,,0
Aug-87,11.8233027117,16.7542061102,0.1766552971,14.3218183162,0.6831767978,10.9534229065,7.1910327553,22.0667691732,12.8024597582,-18.0293991468,,,0
Sep-87,7.0892587542,14.7665904794,8.2351602508,8.4853045128,-11.3224571163,7.2471282171,4.0260988372,11.3343831125,5.9164853031,-12.6146228474,,,0
Oct-87,7.0547693537,14.7086793248,8.1790303441,8.3702958792,-11.4303072269,7.2036234334,3.8642589747,11.0793051532,5.8874576971,-12.7486401676,,,0
Nov-87,6.9848013681,14.4104437255,8.1236604103,8.2917503292,-11.5402317277,7.1606378563,3.9997568047,11.1256127922,5.858713533,-12.8855356838,,,0
Dec-87,9.9649961081,17.2479910916,1.9518765607,10.1084143105,10.727891853,8.5958129683,3.6916290728,16.4245506749,12.3130622853,-0.3701989849,,,0
Jan-88,9.867079694,16.8868288269,1.9130154204,10.01041146,10.5177653901,8.5346773005,3.6803071232,16.3464645682,12.1880015144,-0.3703132262,,,0
Feb-88,9.7970594123,16.6000565679,1.9509582088,10.0033456191,10.5404534649,8.3288005583,3.6690544085,15.9850127708,12.0654556451,-0.3704275381,,,0
Mar-88,11.423801095,19.0268100382,11.4918318726,7.888874585,0.91220075,15.0490335991,16.4455912114,17.1733136237,15.7363011489,10.4514211561,,,0
Apr-88,11.3029588993,18.7298298186,11.470721601,7.8148827717,0.9115078151,14.8626408683,16.080642645,16.9310082839,15.5326100762,10.2398020769,,,0
May-88,11.228173044,18.4419780967,11.2728381421,7.8102476722,0.9108160049,14.6808089135,16.0087375099,16.8313381372,15.4944990619,10.2735179543,,,0
Jun-88,6.8104102382,24.3027185121,2.8466653958,-2.7366995444,-8.6807917186,10.337665795,9.1127256079,11.6295703993,16.7211251695,-12.9469367815,,,0
Jul-88,6.7884784145,23.7722222044,2.8377360447,-2.7277259455,-8.7440463675,10.2493697873,9.0440453606,11.6512270701,16.4913268848,-13.0881476835,,,0
Aug-88,6.7185193754,23.3104235879,2.831041209,-2.7849616917,-8.8082296272,10.1625693217,8.9763926243,11.5391881143,16.2677593003,-13.2324729299,,,0
Sep-88,8.6118555518,28.968415702,6.3234600038,-1.4351180275,5.1073786047,1.3667427446,3.4346580206,10.9061796423,19.3860350435,-2.988173364,,,0
Oct-88,8.5408655824,28.3393352606,6.3367267238,-1.4879820573,5.085732899,1.2287389435,3.2880486378,10.8079510921,19.2268476601,-2.9956329266,,,0
Nov-88,8.4706628998,27.5890124748,6.2551168414,-1.5136857568,5.0642699302,1.3637914867,3.4154972679,10.8399489668,18.7769493615,-3.1284234831,,,0
Dec-88,6.3985116991,18.8307220829,1.8140440089,-1.3564429731,-8.1825047011,8.4210871904,2.5892917888,8.3213647586,16.8975843751,1.5026611585,,,0
Jan-89,6.344767682,18.5397849238,1.7243072089,-1.3866944478,-8.2386824686,8.4968042547,2.5837167894,8.2640576653,16.6629442959,1.5007818527,,,0
Feb-89,6.3211005687,18.349800997,1.7678019924,-1.4348763794,-8.412887406,8.3036045611,2.5781657455,8.3333668234,16.4347314996,1.3740697905,,,0
Mar-89,8.0282555605,21.6739087135,4.1869348026,-2.4191463524,-1.8775673768,9.9684906192,12.8083907988,11.146560341,27.2675770991,2.3696936454,,,0
Apr-89,7.9568217516,21.3298319874,4.2971339966,-2.4976639495,-1.8805096971,9.8863633836,12.5404142934,11.0439743382,26.7962395107,2.3650233266,,,0
May-89,7.9137058591,20.9573091482,4.1574883697,-2.4828054457,-2.001275764,9.8055783382,12.4107168495,10.9432594038,26.2109206315,2.3603713806,,,0
Jun-89,10.7703043004,19.2291328734,6.414882148,-0.2612461259,6.2282860134,9.3385685305,10.7225296616,7.1998995672,27.4528154251,10.2570008131,,,0
Jul-89,10.6584286299,18.8873442505,6.3428225128,-0.2968563334,6.312727654,9.2664553127,10.6275670331,7.1569582884,26.9645685491,10.29207861,,,0
Aug-89,10.5765485616,18.6325853832,6.3024545366,-0.2613676692,6.1637001563,9.0682140867,10.5342716965,7.2347486023,26.2489084911,10.0835824919,,,0
Sep-89,4.6790421095,9.9034802634,1.8405665563,1.7338953854,-2.9034613731,4.4451551068,2.1724088783,3.7209332139,10.536055433,-3.1496081073,,,0
Oct-89,4.6819542986,9.9416337041,1.7910331399,1.7093642459,-2.9105034886,4.3024405469,2.2959190677,3.7094310836,10.4443529477,-3.1578965593,,,0
Nov-89,4.6668538296,9.8599465929,1.872588409,1.7804503577,-2.8007403853,4.4129285351,2.164342001,3.6979998449,10.2343468888,-3.1662287498,,,0
Dec-89,1.077885959,2.5463118021,5.5892786193,-6.3371244892,-4.4479176803,4.8982223015,8.7448240405,0.952475494,6.2182500876,-1.4641587988,,,0
Jan-90,1.0968309194,2.5409201543,5.6447466087,-6.28089668,-4.3467667243,4.878309736,8.6815581803,0.8327963453,6.1861939321,-1.4659474489,,,0
Feb-90,1.049786438,2.4987956194,5.5373176779,-6.4266387452,-4.3625692631,4.7342254096,8.6192011633,0.832218788,6.1544665923,-1.4677404745,,,0
Mar-90,-1.7494190383,-1.7202623257,-5.3529876079,-9.5102130392,-5.0900199851,4.4678922231,6.3311583264,1.5440196122,0.4721156744,3.7879976468,,,0
Apr-90,-1.7594012536,-1.7595943637,-5.2931777096,-9.5950498132,-5.1117022019,4.3278938148,6.2979305867,1.5420355011,0.5898835099,3.7760778253,,,0
May-90,-1.7574857292,-1.681093019,-5.356260104,-9.6863448652,-5.2532170181,4.3123410031,6.1425195545,1.5400564827,0.5895936836,3.7642327856,,,0
Jun-90,1.0696132938,0.8026552241,4.7111277717,-3.8409166816,-1.7961386381,5.2768914609,3.0595090766,-1.7771637745,2.3554821578,3.3898327627,,,0.4684535143
Jul-90,1.0392734842,0.8021187034,4.6554424331,-3.9463936679,-1.798831097,5.1318681207,3.1736362715,-1.8985468214,2.350867634,3.2597233184,,,0.4684535143
Aug-90,1.0639322226,0.8825003083,4.7185867787,-3.9291249603,-1.8015316401,5.2314170146,3.0436783933,-1.9015553152,2.3462711551,3.2508924713,,,0.4684535143
Sep-90,-6.2083695403,-6.9596786577,-5.5599709224,-9.3808332861,-8.3220595792,-0.7285974723,-0.2432103778,-6.7988850428,-5.2855760098,-5.6646517082,,,1.1984596198
Oct-90,-6.243731855,-7.000278513,-5.501893289,-9.4932881969,-8.5020598574,-0.6075026708,-0.3649080156,-6.7173306154,-5.427204217,-5.6915188181,,,1.1984596198
Nov-90,-6.269102986,-7.0413548342,-5.5272352156,-9.5782297498,-8.4399716261,-0.6078103762,-0.2433336721,-6.7551444971,-5.4518612294,-5.7186420014,,,1.1984596198
Dec-90,1.2927314916,-0.3990264526,7.734050982,-1.670203882,10.6319754676,5.5802769383,4.7361292061,3.6235558485,-4.6417117136,7.0531212371,,,1.5492830667
Jan-91,1.3138207962,-0.3991591818,7.7608810892,-1.6817977953,10.5386030546,5.6749112152,4.8382285076,3.7328814407,-4.6597360289,7.0119079219,,,1.5492830667
Feb-91,1.2864212998,-0.3992919684,7.6303213227,-1.6748791366,10.4468563712,5.5283022162,4.698565312,3.6014432795,-4.6779008712,6.9711734514,,,1.5492830667
Mar-91,-0.9896062149,-1.8563975861,-2.9482615283,-5.6824404665,-2.7529810936,2.6349945711,11.8451532592,-0.2397602406,0.7208650597,2.2748821979,,,2.0652740505
Apr-91,-0.9594135426,-1.8216320301,-2.9555229107,-5.6177290726,-2.7593114114,2.5098360825,11.7293721527,-0.359730205,0.8404622886,2.2705777824,,,2.0652740505
May-91,-0.9896618693,-1.9072086474,-3.0069229633,-5.6610441205,-2.7656708318,2.5045976393,11.6158325716,-0.2398800608,0.7199280288,2.2662896254,,,2.0652740505
Jun-91,-0.9094123959,-2.6183843662,-2.2974178857,1.1940884606,-4.9459733331,6.0609190495,-1.8697053154,-3.4836602873,-2.5216399933,1.3101088096,,,2.5193697931
Jul-91,-0.9248563801,-2.6694173504,-2.3412227024,1.2271178187,-4.9664432755,5.912507034,-1.8726230271,-3.3731575268,-2.6474138295,1.3086800484,,,2.5193697931
Aug-91,-0.9066888966,-2.6299604195,-2.3457993625,1.2157185827,-4.865200259,5.8835183559,-1.8755498592,-3.3826660877,-2.5325369935,1.3072544001,,,2.5193697931
Sep-91,3.1252906873,4.8810313753,8.5846934698,-0.9408634467,16.5820380388,2.6967620906,0.2346041063,7.11667161,1.8095002172,-3.6877352443,,,2.7474866037
Oct-91,3.1378708918,4.8236136728,8.523715309,-0.8686197471,16.3560210224,2.8075661081,0.1172848557,6.9551508784,1.8067757491,-3.8186189742,,,2.7474866037
Nov-91,3.1069044552,4.8417958722,8.463597313,-0.9422838373,16.1360825377,2.6844343247,0.2345353276,7.0339479128,1.683873184,-3.710911232,,,2.7474866037
Dec-91,0.8203142916,-8.6811084923,-0.9900392913,7.5551025119,-3.9843786533,1.9802945813,6.8982505938,2.7309169259,-0.1201983273,7.7677909039,,,3.6003551972
Jan-92,0.7869213012,-8.8279291298,-0.9860664617,7.4666180064,-3.8798838335,1.9770319925,6.9747362875,2.7247161121,-0.2404327798,7.599471272,,,3.6003551972
Feb-92,0.834087552,-8.7708472389,-0.9868774404,7.4614080254,-3.8924691556,2.0897838099,6.9344313165,2.7185433937,-0.1202344573,7.6692655716,,,3.6003551972
Mar-92,-2.5343542835,-4.4504119649,0.0879453814,-5.6938814803,-3.1941656137,9.0139098716,5.5188369766,-9.720491757,-4.4571651905,-0.1176182309,,,3.0806051289
Apr-92,-2.5118696943,-4.466978563,0.1294351971,-5.655807114,-3.2026905934,8.94670556,5.379378554,-9.6798811993,-4.4737821983,-0.2352710526,,,3.0806051289
May-92,-2.5205178391,-4.4449156299,0.1246283626,-5.7065719997,-3.3303619205,8.8804959369,5.4690561813,-9.8795738766,-4.4905235714,-0.1176528262,,,3.0806051289
Jun-92,3.4619325803,3.3709571732,2.2349142624,2.823238799,7.006799058,0,3.7455693687,4.5884539705,2.7933821632,5.8685562973,,,3.1505301885
Jul-92,3.460539613,3.4076209885,2.3126997788,2.8166121875,6.8483901167,0,3.7339146623,4.6910298801,2.9079174165,5.9565064634,,,3.1505301885
Aug-92,3.4484099558,3.351995404,2.2629597748,2.7862025409,6.9265955588,0,3.7223322604,4.5531757072,2.9008877946,5.9270857992,,,3.1505301885
Sep-92,-1.1082464257,-13.9664079243,5.163393809,3.3761904224,2.5725989346,5.8840287622,4.3842851712,0.7173458418,-5.0811649665,3.1260570527,,,4.2888118652
Oct-92,-1.1096524965,-14.2566221167,5.1030917957,3.381154813,2.683651257,5.8553179887,4.2565152442,0.7169172771,-4.9810246157,3.1179346801,,,4.2888118652
Nov-92,-1.1120450065,-14.3007681074,5.0814823708,3.3336440492,2.5613670494,5.8268860404,4.2414703259,0.7164892242,-5.0017863296,3.2248795683,,,4.2888118652
Dec-92,-6.5043471184,-13.2196406201,-3.666203763,-5.0277272231,-0.5816489863,1.452311307,-8.4979855701,-8.2655679925,-9.8200220681,-2.6483722307,,,3.6091461019
Jan-93,-6.5329402814,-13.497016757,-3.679443529,-4.9983299665,-0.6983511426,1.5620643768,-8.6716157941,-8.201861259,-9.901046268,-2.5387065917,,,3.6091461019
Feb-93,-6.5603661603,-13.5189446832,-3.6887494653,-5.093913349,-0.6987577912,1.560033649,-8.6208897101,-8.2583060473,-9.9834186475,-2.6598574953,,,3.6091461019
Mar-93,4.1211818353,-4.1197855996,11.0075391889,2.3313757952,3.8381423787,5.2224722459,11.7814596869,6.6839000083,2.8787497509,8.4218968002,,,4.2972688579
Apr-93,4.0875948848,-4.1835793137,10.9874968505,2.2546318903,3.9416516868,5.3102326906,11.7785474739,6.7673895369,2.7471395973,8.2490300012,,,4.2972688579
May-93,4.0763609233,-4.1484407256,10.8458504434,2.2504037277,3.9287468821,5.1769321652,11.6640585079,6.6096006068,2.8653011278,8.3061062673,,,4.2972688579
Jun-93,0.2148584968,-9.1491226406,3.5749246309,3.313030442,4.2608365054,7.450717873,0.6631055612,-0.5993706733,-6.2376686869,4.5270260235,,,4.4123737599
Jul-93,0.1966291704,-9.2194142421,3.6365855112,3.2322129764,4.2457610415,7.4047421888,0.5523081977,-0.5996701939,-6.2702619411,4.5100118858,,,4.4123737599
Aug-93,0.2272154906,-9.1547275213,3.5119558543,3.2950338612,4.2307919528,7.3593304252,0.6624344634,-0.7200000216,-6.3031975998,4.4931251594,,,4.4123737599
Sep-93,-1.1185859329,-10.2572591348,3.1743683184,0.0254100315,11.586610253,-3.3493921713,4.2969333889,-2.1625956994,-2.9106262622,3.8059733397,,,4.8956277667
Oct-93,-1.0992554458,-10.3023901359,3.1659932895,0.0254095252,11.4758047061,-3.250272843,4.172007862,-2.0460363013,-2.9177032187,3.7939403,,,4.8956277667
Nov-93,-1.1420271079,-10.4352841572,3.2356245172,-0.0791403167,11.3670983845,-3.3678895856,4.1575533929,-2.1702005312,-2.7975004722,3.7819831083,,,4.8956277667
Dec-93,-1.6630051384,-15.0227799468,5.5901227857,0.0907177279,0.5544517957,8.0238845988,0.8734419456,-2.053243921,-5.1031333552,1.4429081885,,,4.7453004419
Jan-94,-1.6640261394,-15.0700634697,5.605071166,0.0262752206,0.665004145,8.0779374285,0.7637405359,-2.177859037,-5.1249277128,1.5519632648,,,4.7453004419
Feb-94,-1.6455797705,-15.3070909328,5.5745322834,0.0741862319,0.5538887706,7.9172897756,0.8722515376,-2.0605025011,-5.0179668896,1.5499586987,,,4.7453004419
Mar-94,3.7298454186,1.695064767,-1.2614023364,-2.2099879129,9.5969625048,6.911542743,10.3098079342,7.7388418154,3.090462058,5.849632186,,,4.5340517246
Apr-94,3.692772406,1.6474376452,-1.1513209258,-2.2931684926,9.5208196446,6.7665377527,10.3291232199,7.6892533816,2.9542428622,5.9308193213,,,4.5340517246
May-94,3.6851502857,1.6451790738,-1.1932272045,-2.2349201338,9.445875489,6.7285965672,10.2409724582,7.6402964027,3.0749536364,5.9016512396,,,4.5340517246
Jun-94,3.4239724421,-1.7429558114,11.5644204855,7.0325399276,4.6413370416,2.3042688411,5.0878973844,-2.2631402807,1.917852414,1.6342097037,,,2.8962345489
Jul-94,3.4135284605,-1.7454910733,11.4140101946,7.0483348284,4.6234544763,2.2998526074,5.1717393917,-2.3868729898,1.9147921727,1.7407074675,,,2.8962345489
Aug-94,3.4053244034,-1.7026620124,11.3795519092,6.9507390597,4.4988002488,2.2954532693,5.0446737458,-2.2719353107,2.0390829036,1.7381860725,,,2.8962345489
Sep-94,-4.1262655364,-8.17766386,-2.6856111554,-9.628159697,11.1737605101,3.5389044644,0.6290956894,1.3158551884,-11.0010364326,0,,,2.1757059773
Oct-94,-4.1545175048,-8.2337749106,-2.6163682292,-9.7060361416,11.0706755077,3.5284986073,0.5239945937,1.1949811782,-10.9731279382,0,,,2.1757059773
Nov-94,-4.1529992072,-8.2443478115,-2.6283418121,-9.7438231591,10.865475619,3.518153766,0.523765885,1.1937923786,-11.0743959534,0,,,2.1757059773
Dec-94,-0.9025387292,-5.1053891865,4.3942424277,2.4155991853,1.4551755724,-6.1116278682,6.9964954756,-12.1122299484,-1.309614885,0.2170963371,,,1.3682655782
Jan-95,-0.891487642,-5.1272028579,4.3447988618,2.4129111589,1.4534130961,-6.1429139395,7.0594545667,-12.3575044603,-1.179876645,0.2170570685,,,1.3682655782
Feb-95,-0.8877426144,-5.1492037349,4.3624153348,2.3914419424,1.4516548841,-6.0696039403,6.9152558809,-12.3630409583,-1.1810378776,0.2170178141,,,1.3682655782
Mar-95,4.1437640069,0.4565006931,0.9182482725,-1.4985894059,4.8606090635,12.7316613013,14.6274666295,2.7038110579,1.1810378776,5.4127290688,,,0.8547441849
Apr-95,4.1215233165,0.4563270597,0.9175461239,-1.5316354414,4.8410004948,12.5979988487,14.4513094358,2.6977325893,1.3109024681,5.388423962,,,0.8547441849
May-95,4.1222983379,0.5122156646,0.9518954449,-1.5335928627,4.8215495648,12.4671137551,14.2793446917,2.6916813896,1.3094719763,5.257284103,,,0.8547441849
Jun-95,3.0614757882,-1.0019513942,5.9960355342,7.3971188062,10.1946072334,0.5081946461,10.4761001376,6.5813693306,-1.4404977994,3.3141809119,,,2.0280357244
Jul-95,3.0456935002,-1.0027886435,6.0009257495,7.3496580092,10.1087279619,0.4064008167,10.3854338625,6.5454707739,-1.4422290728,3.3050529533,,,2.0280357244
Aug-95,3.0391276178,-0.9474272483,5.9649831149,7.2410128362,10.0242835043,0.4062632286,10.2963234889,6.5099617162,-1.4439645127,3.2959751373,,,2.0280357244
Sep-95,-2.4001648366,-3.0628758248,-1.7903039459,-5.2892891277,2.7918583303,-0.2031144216,0.8701607762,-7.235475644,-11.7473302441,0.7430012178,,,3.2367697017
Oct-95,-2.3980822978,-3.014228045,-1.8276117717,-5.314854447,2.8847363591,-0.1015701046,0.9661058408,-7.4010648639,-11.7295169138,0.7425414602,,,3.2367697017
Nov-95,-2.3902786216,-3.0218183848,-1.7957137782,-5.3629524906,2.8778182017,-0.1015787024,0.8688307366,-7.3245395256,-11.8453008924,0.7420822711,,,3.2367697017
Dec-95,1.8463187615,-4.755758853,1.9113368915,2.5689364213,7.0166969597,-0.1015873016,14.4840094192,4.0340281458,9.2976715764,0.7416236496,,,3.4798422576
Jan-96,1.8547934535,-4.6699032588,1.9410601249,2.5298860901,7.0738701469,-0.1015959024,14.3112702035,4.0205124162,9.2261861807,0.7411655947,,,3.4798422576
Feb-96,1.8508104197,-4.793336052,1.9052155671,2.5580557208,7.032414735,0,14.1426027205,3.8858564618,9.155791638,0.7407081052,,,3.4798422576
Mar-96,5.0076869213,0.3753461831,3.4559464804,3.1574609681,3.9862300944,9.1093554847,9.2750500391,2.4222858447,-5.0336755562,4.8561692032,,,4.0788112348
Apr-96,4.9725934515,0.270096975,3.4092513094,3.1754783183,3.9730322626,9.0407258364,9.1122201993,2.2966514187,-5.05487944,4.7316600188,,,4.0788112348
May-96,4.9598948847,0.3751443817,3.4038285528,3.1338695273,3.9599215041,8.9731225682,9.1345497027,2.4127885881,-5.0762627185,4.8176011643,,,4.0788112348
Jun-96,2.9683129035,3.702794889,2.7916364712,2.3483918941,6.8266679911,0.4965448823,7.7100684751,2.4079470305,7.739379657,3.4442293703,,,3.0619006768
Jul-96,2.9513330087,3.7389603861,2.7911583045,2.320530516,6.7880514098,0.4963395033,7.6608469282,2.4031248644,7.5576184841,3.4343720593,,,3.0619006768
Aug-96,2.9400789442,3.5757997688,2.780475058,2.3555577831,6.7498692287,0.4961342941,7.6122498634,2.3983219735,7.5103182288,3.528193479,,,3.0619006768
Sep-96,-0.5297875576,-5.3426354393,-2.3291577828,-0.8562173265,1.8945378108,1.685323917,4.7221355066,-9.1392364795,-0.6569223353,-2.0741514109,,,2.7186482119
Oct-96,-0.513857455,-5.3665283159,-2.2995682017,-0.7678891378,1.8915514637,1.5840279505,4.7036261827,-9.0877397022,-0.7887817988,-2.0777427059,,,2.7186482119
Nov-96,-0.4954835214,-5.3906358167,-2.3381681019,-0.7541913106,1.8885745165,1.6807417784,4.6852613941,-9.1570877275,-0.6577144588,-1.9771933537,,,2.7186482119
Dec-96,0.4535365557,-4.2311264053,4.0107585447,-3.1053316503,3.2978702397,-2.1755259358,5.0185333059,3.6712245644,-4.6141226857,-0.1041531051,,,3.2984434139
Jan-97,0.4495785132,-4.0914153907,3.9973980337,-3.1112583524,3.1949901654,-2.0803241269,4.9101339879,3.6600272375,-4.764536975,0,,,3.2984434139
Feb-97,0.4625236731,-4.1539679732,4.0221595883,-3.1050457269,3.1865060841,-2.0839368479,4.9772674594,3.6488980071,-4.6503961206,-0.1041621458,,,3.2984434139
Mar-97,8.6495372206,11.3535499503,1.2677777584,7.9081769761,6.4408384511,4.7579774873,14.9812517673,2.5476428717,21.5057154821,7.9941464482,,,3.4229730844
Apr-97,8.5897810455,11.3041481243,1.3002121572,7.8867361704,6.4064525972,4.7391866765,14.8815249067,2.4213083276,21.1270780847,7.8384464352,,,3.4229730844
May-97,8.5242482316,11.1421728216,1.3367146793,7.8051037518,6.3724319475,4.8186911708,14.6152674317,2.4164325523,20.7615431861,7.8897095036,,,3.4229730844
Jun-97,5.8095543018,9.6681298552,-0.446653708,6.7867255416,7.0715392459,3.625824489,8.2842628795,1.6886121994,5.0404358471,1.7349154699,,,3.1578729211
Jul-97,5.7948876714,9.6373131188,-0.446819985,6.7553653133,7.0301110093,3.71245106,8.2274639272,1.8065944096,4.894124431,1.7324108142,,,3.1578729211
Aug-97,5.7488484063,9.5144447689,-0.4849385823,6.7107799154,6.8986574328,3.6037525563,8.1714385294,1.6837044253,4.8742451018,1.7299133799,,,3.1578729211
Sep-97,1.31050745,2.7843119065,4.1249797736,-1.2077308698,2.2606539976,-1.6544343888,-0.9051946255,-3.0082743255,1.1220197171,2.0320045496,,,3.9640367825
Oct-97,1.3358260136,2.8327530886,4.0790640031,-1.1951329224,2.3465711508,-1.5592011289,-0.9058779554,-2.8950556865,1.2454593749,2.1299080096,,,3.9640367825
Nov-97,1.3098021977,2.771324314,4.1303508192,-1.2101528577,2.2519993099,-1.658874019,-0.9065623178,-3.0231285199,1.119809299,2.0249751683,,,3.9640367825
Dec-97,5.1614706572,10.1539440118,3.2412362617,4.4937684762,5.8354957332,2.536173924,6.0035077075,2.1774199523,11.5105828153,6.2557948791,,,4.5033365089
Jan-98,5.1349527543,10.1137462196,3.199256848,4.4770029747,5.8072554989,2.4335842857,5.9736220736,2.1734761426,11.2792003265,6.323464091,,,4.5033365089
Feb-98,5.119197849,10.0292182499,3.2611729047,4.4603620467,5.7792872797,2.525703191,5.9440325097,2.0491190756,11.1741698106,6.1907276594,,,4.5033365089
Mar-98,14.9571162125,19.0796998256,6.8038051283,11.4797091873,9.7173675889,9.3761804494,15.0133121277,7.8027584474,27.4885040126,7.05037404,,,4.8067301713
Apr-98,14.7847946157,18.7810792079,6.7671641164,11.4090553018,9.6393099011,9.303487435,14.9070239983,7.7523501744,26.7573521828,7.0091927302,,,4.8067301713
May-98,14.5926866138,18.4916622118,6.6599744828,11.2505442997,9.6490794862,9.2319129243,14.6458510912,7.5844613532,26.1737124932,6.968489709,,,4.8067301713
Jun-98,8.0926000464,13.3604229496,3.2718367267,9.4320427624,7.7670174073,4.6366812408,10.7519223392,6.4798154603,6.8768096508,7.8036366701,,,4.9824398448
Jul-98,8.0496735732,13.2133086202,3.195770193,9.41712866,7.7170683969,4.7129115642,10.7333169485,6.4450132955,6.7258466593,7.6566103958,,,4.9824398448
Aug-98,7.9783037016,13.0693988483,3.2542738593,9.272629255,7.667757719,4.6007646044,10.6381639981,6.2943320612,6.6883591632,7.6080668954,,,4.9824398448
Sep-98,3.654463244,4.9662725536,2.6752203799,2.4481563211,3.9002365782,5.236507959,3.9556295723,3.1348283514,2.8867519473,2.3976031952,,,5.2595151018
Oct-98,3.6222120454,4.9049477796,2.6957948482,2.4368233659,3.8032218337,5.1208519345,4.0183262947,3.1266603937,2.8798241623,2.3928223282,,,5.2595151018
Nov-98,3.6240144259,4.8849806062,2.66328651,2.4511248138,3.8753192962,5.1916026589,4.0049154015,3.1185348895,2.872929549,2.3880604896,,,5.2595151018
Dec-98,7.2799363706,8.2147937121,4.3889710457,5.2933573629,6.2917407938,3.7868032195,10.8890261861,9.3072712469,16.2238700326,4.5717969419,,,5.480963564
Jan-99,7.2927477384,8.2471028127,4.3992503165,5.3759088808,6.3421566322,3.7748909021,10.7911049995,9.3492159372,16.0074478191,4.5544452553,,,5.480963564
Feb-99,7.2064474543,8.0633804996,4.387113672,5.3036780888,6.2260179101,3.854687827,10.6949292699,9.1642363084,15.7967237101,4.5372247831,,,5.480963564
Mar-99,13.9011808099,14.2140046345,7.0302259827,14.4322976795,10.1412537927,8.7644942262,10.6004527398,10.7714608223,19.6665371939,11.4554860557,,,5.6438878303
Apr-99,13.75090723,14.0476087001,7.0857324886,14.2875039946,10.1376812182,8.7009444644,10.507630772,10.7863395925,19.2467694063,11.3471625225,,,5.6438878303
May-99,13.5755348654,13.8005138494,6.9778345898,14.0728289168,9.972019703,8.6383096482,10.4164202791,10.5805240922,19.0439775698,11.240868437,,,5.6438878303
Jun-99,11.4780645619,11.7078268856,3.5009125613,16.679282126,6.0400785222,10.177875164,3.2857163385,2.6306185179,14.5614573898,5.1246932153,,,4.9379575899
Jul-99,11.354968165,11.5495287611,3.4613152555,16.4029192142,6.0897566647,10.0922763809,3.2767442894,2.5156095436,14.485500408,5.0119676458,,,4.9379575899
Aug-99,11.2530101823,11.4020298978,3.4204085706,16.2152387753,5.9794828573,10.095527557,3.2678211054,2.6193734821,14.3127258384,4.9911214994,,,4.9379575899
Sep-99,3.6579814514,1.7357481403,10.9109376552,3.1511208839,6.4245501749,2.4452377284,10.4538891749,9.1230414976,11.830398849,5.5114353556,,,3.8336350026
Oct-99,3.6588707171,1.6886225025,10.8179783988,3.2029576156,6.3903375819,2.4402652029,10.293880414,9.0542062524,11.8104574074,5.4862377742,,,3.8336350026
Nov-99,3.6452936419,1.6862496363,10.685891555,3.1869399451,6.4347525468,2.4353128602,10.2754619983,9.0929786543,11.6953502902,5.4612695448,,,3.8336350026
Dec-99,10.8043367333,10.4211705807,6.1127907576,9.55098962,5.4659126261,4.9423820724,1.3127970217,5.5289837312,24.445723419,6.1476913611,,,3.4679150257
Jan-00,10.7293208963,10.4118398754,6.0818099671,9.5404176136,5.4411286386,4.9221095887,1.3113623943,5.5036258053,24.0485331466,6.1163567317,,,3.4679150257
Feb-00,10.6289610181,10.2425749647,6.0808136929,9.4139604031,5.4165683922,4.9020027317,1.3099308991,5.4784994191,23.5760432626,6.1733067727,,,3.4679150257
Mar-00,16.0075121158,16.9692722355,9.4950591909,14.8728365124,9.305651126,14.5022025212,17.1040523918,21.3575112794,31.2231326416,10.0734194956,,,3.3100620375
Apr-00,15.7972539767,16.6551504144,9.392841086,14.7606637909,9.2340434718,14.3290316727,16.863683935,20.8825537647,30.5159301163,9.9895614712,,,3.3100620375
May-00,15.568161249,16.4271495982,9.3473537562,14.5122405037,9.1635294355,14.0771405748,16.6299778995,20.5253599607,29.6765498534,9.9928789955,,,3.3100620375
Jun-00,11.5184765861,7.6934936893,7.9303705276,14.761176877,1.8846000671,8.9925139806,5.799341289,12.2080371378,13.8739359694,7.099347126,,,3.130662867
Jul-00,11.4081795537,7.6788456309,7.8768065854,14.6459894042,1.95684941,8.8440416697,5.8368744673,11.9873264081,13.6346658242,7.057593417,,,3.130662867
Aug-00,11.2941377326,7.5958757143,7.7949956357,14.4165898169,1.8785814289,8.8603281451,5.743511454,11.8687631503,13.5612797729,7.1006124337,,,3.130662867
Sep-00,8.7927077976,8.5540691985,12.8083648859,9.9382695528,7.2611805582,5.4139683093,0.8461476227,1.1611031385,26.1248767212,2.7780713239,,,3.4348483587
Oct-00,8.7064881245,8.4935237854,12.6994576076,9.8165155706,7.143321155,5.3093872228,0.8455514049,1.1599807573,25.5682164515,2.7716547755,,,3.4348483587
Nov-00,8.6443540692,8.3604030393,12.5630599447,9.7472228196,7.1747987131,5.285999337,0.8449560268,1.158860544,25.0347843709,2.8489643994,,,3.4348483587
Dec-00,10.4704618014,10.9656960669,10.3360169607,6.4397394908,4.9308584773,5.7401119283,2.7906234691,22.6611251935,19.8940594923,3.8437467583,,,4.4959418472
Jan-01,10.3901229737,10.8271192965,10.2159198169,6.4681124389,4.9838219953,5.6336269041,2.7841488735,22.2411058725,19.6420461293,3.8314740678,,,4.4959418472
Feb-01,10.2965602964,10.7692318427,10.1866719459,6.3812181919,4.89036897,5.607302315,2.7777042521,21.8363735835,19.2544393062,3.8192794989,,,4.4959418472
Mar-01,12.9890212837,14.2769655882,14.7427517016,16.27899589,9.2154648014,12.4629618896,13.0272142256,15.5121788144,19.2309542002,8.7549428193,,,5.0949145255
Apr-01,12.8585502046,14.1091010068,14.563823807,16.116990056,9.1452331242,12.2576705831,12.8873080968,15.225221032,18.9276176866,8.773227558,,,5.0949145255
May-01,12.7141959843,13.9451380319,14.3601105091,15.8595020097,9.0760638815,12.2101331821,12.7503751176,15.0344659491,18.5657229911,8.7095515451,,,5.0949145255
Jun-01,11.4478242535,14.5098533622,15.7248274771,21.0661967516,2.4182084954,10.8763222771,8.4049216465,15.6294274759,-8.1171263032,3.077963213,,,5.6764309994
Jul-01,11.3618123651,14.3671618966,15.5214314117,20.7560046492,2.4842525066,10.8536635901,8.2848492308,15.4284761311,-8.2413189489,3.1507743553,,,5.6764309994
Aug-01,11.2397291053,14.1971822107,15.2983399135,20.3521196767,2.4791202043,10.6820089718,8.2892339739,15.2326266206,-8.2289197908,3.062048398,,,5.6764309994
Sep-01,3.131896436,8.0883971881,12.2024221492,6.6812272443,8.1800869198,2.3774153393,0.3670847383,4.7260768592,2.9799905586,-0.3219531846,,,5.4516486529
Oct-01,3.1330711462,8.0641388349,12.0594925423,6.6717375294,8.1247027281,2.4467863524,0.3058181927,4.7075366852,2.9726086002,-0.2415215868,,,5.4516486529
Nov-01,3.1063977989,7.9806120199,11.9623894214,6.5924972601,8.0700634431,2.4418075328,0.3057402753,4.6891414074,2.9652631242,-0.2415702072,,,5.4516486529
Dec-01,8.8786329612,12.0971792971,13.1976696601,7.7989553595,0.3466304655,5.0895979422,-2.4481061176,10.4012023094,11.9929041391,1.4486923289,,,5.946009793
Jan-02,8.7867465018,12.0112695307,13.0304706719,7.6829527837,0.2772323165,5.1413960398,-2.5145027472,10.2296783391,11.8067110204,1.527280241,,,5.946009793
Feb-02,8.7467797079,11.8577523999,12.8917198917,7.6742800351,0.3464503301,5.1194616897,-2.4582616402,10.1432096762,11.7585419682,1.5253388908,,,5.946009793
Mar-02,19.7753493734,24.3817883349,14.5108774205,22.7803338991,8.8352426654,14.2193792415,9.863992436,25.7069227049,27.1709720997,9.6687721348,,,5.1341442675
Apr-02,19.4766204647,23.9847307911,14.3603206763,22.3891126782,8.7706665696,14.1241361699,9.7835710942,25.0896713459,26.6332845618,9.5125349497,,,5.1341442675
May-02,19.1482969344,23.4279509147,14.1679500419,21.9464401174,8.639248231,13.9598255641,9.7044505082,24.6523143226,25.9924261694,9.4377206878,,,5.1341442675
Jun-02,14.0096622038,21.6731059469,16.2032624514,21.9753688013,3.7221923087,9.8228929479,4.9724241787,14.89946925,14.9834861191,1.1745131602,,,5.0425140023
Jul-02,13.8408188997,21.2572656633,15.9654307206,21.5475185193,3.7106824049,9.7431376743,5.0114421051,14.7167405782,14.7376737271,1.0951760864,,,5.0425140023
Aug-02,13.6865328963,20.8615107545,15.7558041913,21.1994958996,3.6320861722,9.6646670949,4.9906003211,14.4647092126,14.6191622308,1.0941774889,,,5.0425140023
Sep-02,8.2653789672,11.1619577489,16.958850402,11.8907708644,7.8320083984,4.8717795707,-6.5991397204,6.3976619962,3.31150959,0.8590115227,,,5.7338859413
Oct-02,8.213075693,11.0590894398,16.7214135279,11.7831570651,7.7812226967,4.9202802418,-6.6955785724,6.3637343982,3.30239632,0.9364027007,,,5.7338859413
Nov-02,8.1446810587,10.9031011679,16.4926964018,11.6596101355,7.7310914233,4.8322669729,-6.6728624216,6.3301647473,3.2933330718,0.857727708,,,5.7338859413
Dec-02,7.0462485674,13.0610199523,12.2467019948,5.4628970646,7.0924520948,4.8128859885,7.3920353943,8.2444728564,12.9062280437,0.3896736517,,,5.7904714355
Jan-03,7.0156984231,12.8958867618,12.1662262812,5.4650663848,7.0507792335,4.8610396168,7.2872299605,8.1882163636,12.7688948434,0.3895471549,,,5.7904714355
Feb-03,6.9685665793,12.7830171526,12.0013001754,5.4134858196,7.0095931832,4.8414276139,7.3024344088,8.1327224075,12.6344535806,0.3894207401,,,5.7904714355
Mar-03,14.6361266382,20.5583910043,17.6028861728,18.6063173533,7.9335933504,15.2035818986,7.2582651027,19.8841143888,4.220572393,6.6008902892,,,5.6605846366
Apr-03,14.4650889388,20.1886741096,17.3263912754,18.364256347,7.8176172342,15.0788013833,7.2731050154,19.559996094,4.2632912479,6.5647790435,,,5.6605846366
May-03,14.2972659707,19.8776844191,17.1014724905,18.0339810441,7.8304742089,14.8916751089,7.1711618734,19.3139779361,4.1908905173,6.5290607539,,,5.6605846366
Jun-03,13.1226541146,25.481101114,13.742445607,13.7406273233,5.6974152188,7.9871470393,4.0041626243,17.6078427932,10.214770289,1.9135708089,,,6.106526769
Jul-03,12.9816397835,24.9027137891,13.5901710427,13.5933302873,5.6076340492,7.9343362536,3.9331022822,17.353211113,10.0722051221,1.9868819415,,,6.106526769
Aug-03,12.8423877231,24.4439847269,13.417012561,13.4212439803,5.6441180616,7.8822192501,3.9202533064,17.105839165,10.0442474611,1.9835976289,,,6.106526769
Sep-03,10.2735138119,22.6903155732,16.6224567239,11.7577334261,10.4031590981,7.0751942168,-6.290139195,8.9771953347,14.9380674462,-0.7625341808,,,5.6228449726
Oct-03,10.1762751859,22.248363016,16.4125467662,11.6043940584,10.3752383164,6.9711042573,-6.3814508619,8.8466664899,14.7543966269,-0.7630190376,,,5.6228449726
Nov-03,10.0858941202,21.8638531634,16.1741236102,11.5125093777,10.2253342217,6.9308411313,-6.4155681367,8.7819239056,14.5751876471,-0.6871321963,,,5.6228449726
Dec-03,12.3412562536,22.3755866211,18.4855645332,8.2284884594,8.384419703,1.4933114029,-1.5214319101,24.4765559103,9.6549778845,2.5175634651,,,5.2971227814
Jan-04,12.2116349073,21.9028868145,18.205115868,8.1792593368,8.2661161091,1.4914553966,-1.4647366514,24.0481614806,9.5779153381,2.5122927495,,,5.2971227814
Feb-04,12.0973808966,21.552853893,17.9501634033,8.1282175259,8.2692826914,1.489603998,-1.5252250782,23.515977139,9.554652919,2.4311499294,,,5.2971227814
Mar-04,21.9323480759,36.3260277733,24.6499890774,18.5490678235,18.1354696317,18.8321214553,12.6707257063,23.2396944679,31.9590027132,8.319710623,,,6.8124791631
Apr-04,21.5433309343,35.2987348884,24.1362084798,18.2601438766,17.8654657266,18.5411413869,12.5958111535,22.7981623246,31.1797728042,8.2624262324,,,6.8124791631
May-04,21.1766581864,34.2900028019,23.6622949665,18.0260064242,17.603383731,18.2590166847,12.4080871082,22.4294954843,30.3900991803,8.2059253003,,,6.8124791631
Jun-04,17.2038937838,15.9080733663,24.9729755789,17.4716330413,19.0925350445,7.9091329547,-0.6259039,27.4874377859,31.3464092304,2.8217834785,,,6.9796684969
Jul-04,16.958402865,15.6619605777,24.4657584468,17.2522306513,18.7935156048,7.8573454437,-0.6262305335,26.9257787726,30.5483799914,2.889157799,,,6.9796684969
Aug-04,16.7177556986,15.4976709676,23.9598672198,16.9768170588,18.5037181933,7.8062317129,-0.626557508,26.2821193842,29.7899771017,2.8084018484,,,6.9796684969
Sep-04,6.8341154532,7.306307148,18.1099162892,10.6929605713,25.9256866908,5.5036666827,-5.4248349544,14.2056917238,-1.7585724143,0.369037737,,,6.3958717116
Oct-04,6.8026584541,7.2991313114,17.825959222,10.6045993503,25.4295983886,5.4785399241,-5.5069650642,14.0909925097,-1.7611533445,0.4426955289,,,6.3958717116
Nov-04,6.7539827324,7.2181849248,17.5932552101,10.5056774164,24.8507427908,5.3963636843,-5.5323538417,13.8765387482,-1.7637418615,0.3687882263,,,6.3958717116
Dec-04,15.8985249089,23.5693638043,27.7921165693,7.5726109672,25.3983088515,4.8588848092,-0.346620453,21.8440083186,28.9741710663,4.1227034416,,,6.5154235086
Jan-05,15.6926642157,23.1153379812,27.1916693211,7.5260123619,24.871870091,4.8392901547,-0.4045171115,21.4534728611,28.2910472921,4.0353435967,,,6.5154235086
Feb-05,15.4940820995,22.6784742311,26.5898510735,7.4988195273,24.3668122058,4.763261145,-0.3468375187,21.1249066992,27.6393949466,4.0218190658,,,6.5154235086
Mar-05,16.4828841012,17.5280844478,30.7032300496,15.3145468782,55.0331177462,15.6864978808,9.2722367595,33.6361691003,36.1347991376,10.7558859632,,,6.5322512172
Apr-05,16.2724484238,17.2573497613,29.9500889639,15.1634967478,52.6195325245,15.4840858031,9.2580704952,32.7189927123,35.1181641074,10.7320423611,,,6.5322512172
May-05,16.0478769083,16.9975317618,29.2342093414,14.9620343156,50.4087875106,15.2868309329,9.1306945872,31.8949666322,34.080958829,10.5658365981,,,6.5322512172
Jun-05,16.7889166083,25.7239881567,25.973383815,19.139850326,42.9429806596,9.9221168469,-0.0564985052,17.7395302306,-3.0163400884,5.6727636222,,,6.7201225161
Jul-05,16.5462146099,25.1376813901,25.4110556295,18.8184472445,41.4199173119,9.8407488373,-0.0565011653,17.5242728066,-3.0239411214,5.5756606706,,,6.7201225161
Aug-05,16.3242114063,24.621881978,24.895266256,18.5422324816,40.0757871758,9.7607045242,-0.0565038258,17.2720351748,-3.0315805597,5.6199610974,,,6.7201225161
Sep-05,3.0917654235,9.0195405066,23.5007023882,2.5415638678,10.095690754,5.1416912818,-19.3672025546,1.6158755099,2.7986537692,3.2894949297,,,6.2353334108
Oct-05,3.0753257202,8.9074460909,23.0257999591,2.560442406,9.9741223445,5.1197544178,-19.6265380887,1.6137025576,2.8308759432,3.2805022612,,,6.2353334108
Nov-05,3.0704004634,8.8557289174,22.6028294314,2.5461347418,9.9289368744,5.0980039448,-20.0122354306,1.6115354415,2.8242134419,3.3410694437,,,6.2353334108
Dec-05,4.6180946651,17.9412005474,0.7879046034,0.7107741746,19.1774838592,4.9197556698,-11.1506678256,-1.2720849248,-13.6016223524,5.6170462871,,,6.8162634572
Jan-06,4.6015466557,17.6607463725,0.789345842,0.7433680721,18.9116956719,4.8996680006,-11.3157281289,-1.273434856,-13.757561673,5.5908760649,,,6.8162634572
Feb-06,4.5883987484,17.4205225371,0.7888269609,0.7278742226,18.5829457704,4.879743703,-11.3623978611,-1.2747876553,-13.9171181166,5.6334906235,,,6.8162634572
Mar-06,4.807551067,1.1000848156,4.4865712426,6.7086032398,6.2363426322,8.209131724,22.6182173506,10.6663606573,-2.0014014446,10.1012995509,,,7.2092974829
Apr-06,4.7913747893,1.0990773599,4.4594114295,6.6625653867,6.2390607576,8.1533548712,22.1409590207,10.6141548893,-2.0047450284,10.016978639,,,7.2092974829
May-06,4.7691203127,1.0980716384,4.4429006959,6.6107164388,6.2067901231,8.0983308565,21.7975881612,10.479689559,-1.9679048571,9.934053824,,,7.2092974829
Jun-06,0.1298932274,0.9998893149,-1.4501083397,-0.0789061083,-9.6728251867,1.6739588029,-19.9757105921,-6.6015217091,2.1284077665,5.867982353,,,8.4308892808
Jul-06,0.132205857,1.0123113051,-1.4304167429,-0.0815138932,-9.7867764313,1.7222459689,-20.3736016109,-6.6380394362,2.1246393497,5.7732298156,,,8.4308892808
Aug-06,0.1311435951,0.9982147681,-1.4301817759,-0.0965841608,-9.8316112544,1.7197777349,-20.7254875651,-6.6749634229,2.1608649296,5.8114691757,,,8.4308892808
Sep-06,-8.9991521077,-8.6848635816,-1.8654061071,-8.2351455824,4.6241461747,-2.3779917132,-11.479835159,-4.0904578113,-15.5728758633,3.8149560743,,,8.137543812
Oct-06,-9.0577885022,-8.7481779131,-1.8558828228,-8.2687638504,4.606395501,-2.3827134421,-11.652672036,-4.0620631171,-15.736593787,3.8028662577,,,8.137543812
Nov-06,-9.1376073339,-8.8556909099,-1.8482620253,-8.3558061404,4.553549336,-2.3366075788,-11.7043729447,-4.1183899465,-15.9457060728,3.7908528258,,,8.137543812
Dec-06,-1.549915459,-8.1590641703,6.6394645646,-4.7783886191,-4.1292336833,2.3873529007,-15.806688622,-8.1937798347,12.6171078048,4.6242831792,,,8.0480237739
Jan-07,-1.5497645064,-8.2149193196,6.6152413242,-4.8056264245,-4.1080163754,2.3826127845,-15.9534389046,-8.2501130635,12.4858274159,4.6065315686,,,8.0480237739
Feb-07,-1.558321666,-8.2550122542,6.5770540774,-4.8503181204,-4.1577251285,2.3778914541,-16.233506341,-8.3072262532,12.35725085,4.5889157261,,,8.0480237739
Mar-07,7.7195770055,13.2884992556,-8.0534367762,11.9672611049,-2.2447562633,7.5576518865,16.7473149551,11.0205517699,-17.9086588049,10.0214715198,,,4.7476728023
Apr-07,7.6720458268,13.1726441612,-8.1078502524,11.8579011279,-2.2846950096,7.4604375235,16.5801340988,10.8776306014,-18.221518817,9.8750258635,,,4.7476728023
May-07,7.6162316422,13.0002464539,-8.1643800764,11.7154263003,-2.2532530632,7.4639484292,16.2916930335,10.7799133422,-18.460292541,9.8573562554,,,4.7476728023
Jun-07,-12.5520453896,-24.5019216728,-18.3864216734,-7.6363275285,-8.0820481195,-12.5660820011,-35.7005008947,-15.0506844527,-21.5800236346,1.2579276795,,,2.9129589329
Jul-07,-12.6838479708,-25.0126547636,-18.6833934654,-7.671012301,-8.1005641768,-12.7497262364,-36.7952584098,-15.2851854033,-21.9752226672,1.3194064001,,,2.9129589329
Aug-07,-12.8218420328,-25.5593677529,-18.9692943648,-7.7346780851,-8.1921521527,-12.835436464,-37.9592873137,-15.4385033928,-22.3851668589,1.25523024,,,2.9129589329
Sep-07,-13.6909142997,-27.3734294896,-7.2417026381,-4.8137409145,-34.2414535979,-0.6146491512,-1.5765575055,-30.2699532003,-30.0545924189,-0.376431226,,,1.0806232011
Oct-07,-13.8476466909,-28.0124553332,-7.3107111512,-4.8358119025,-35.2085776298,-0.5637050901,-1.5786315086,-31.0995100575,-30.7798187581,-0.3765493467,,,1.0806232011
Nov-07,-14.0136741812,-28.6820315594,-7.3303279406,-4.8526844092,-36.3128208477,-0.6152531645,-1.5807109757,-31.879544468,-31.5901468489,-0.3766675417,,,1.0806232011
Dec-07,-24.8538518543,-36.7929866614,-48.7759928433,-12.2329811214,-20.036675516,-19.2310151187,-41.490796697,-24.1512763969,-46.6220975233,-4.3401960562,,,1.2512046523
Jan-08,-25.3771071713,-37.9406219569,-50.855773126,-12.3618222213,-20.3769217083,-19.491267557,-43.0506944595,-24.5979394399,-48.5069229201,-4.4191969136,,,1.2512046523
Feb-08,-25.9243855057,-39.1962600143,-53.0653986618,-12.4848353506,-20.7289233393,-19.8669424233,-44.576231596,-25.1127255948,-50.496244313,-4.4355315048,,,1.2512046523
Mar-08,-9.4860095184,-25.4709998809,-36.760506176,-1.7998695649,-26.1461197478,-1.077489522,-7.5288339156,-11.3547926159,-16.8010953353,6.7734202468,,,2.2048223511
Apr-08,-9.5612224802,-26.0058663301,-37.9061897502,-1.8187032827,-26.6846392888,-1.1324062224,-7.4988164784,-11.4632625739,-16.9837717733,6.6726290587,,,2.2048223511
May-08,-9.6515616675,-26.6392289648,-39.1287193833,-1.8307887692,-27.3364383732,-1.0794765267,-7.5459715124,-11.5738249178,-17.2843073543,6.6357308222,,,2.2048223511
Jun-08,-13.1649623764,-14.8038495217,-40.8525930531,-4.783949067,-24.0747066293,-17.4597980949,-13.9719003831,-14.2056757537,-45.1270044697,1.9960499456,,,1.5460634461
Jul-08,-13.3157638832,-15.0071279718,-42.2755280139,-4.8251122443,-24.5676050704,-17.7175906731,-14.216387854,-14.4290315602,-46.8905799214,1.9927352789,,,1.5460634461
Aug-08,-13.46693265,-15.23804269,-43.853543112,-4.8224879559,-25.0811090169,-17.9831100546,-14.3868305068,-14.5508202241,-48.7976231306,1.9894316027,,,1.5460634461
Sep-08,-20.6017047402,-28.0478242262,-21.6423584689,-11.7923926893,-59.4410950481,-12.0832089081,-41.627425894,-26.0613693237,-17.0188290478,-11.23369968,,,1.0235082013
Oct-08,-20.9753521054,-28.7619505412,-22.0752386251,-11.93948794,-62.592453149,-12.2637170529,-43.2102927311,-26.6399539687,-17.1980577868,-11.3398575915,,,1.0235082013
Nov-08,-21.3337943842,-29.4243869583,-22.5063590876,-12.0291115345,-66.0378356465,-12.3903445664,-44.8245416281,-27.187285436,-17.4481236617,-11.3841381657,,,1.0235082013
Dec-08,-13.2584415577,-7.3994865102,-45.1029550154,-4.5269799676,-17.4331759986,-24.7552694439,-23.1939611409,-11.8512344687,-46.2156694965,-1.0868118268,,,1.6548790941
Jan-09,-13.4072569118,-7.4009490826,-46.8857267217,-4.560784342,-17.7476663941,-25.3374099949,-23.6511114531,-11.9694460319,-47.9951055583,-1.0237816554,,,1.6548790941
Feb-09,-13.5508157219,-7.511964211,-48.7703785846,-4.5345873495,-18.0140947585,-25.8219566948,-24.1266454735,-12.0900396056,-49.994978463,-1.0887258919,,,1.6548790941
Mar-09,1.7118539152,-2.8905947507,-3.2215670328,-6.2800380092,-30.4382346,-1.3647644151,-2.3916777559,23.1877093551,28.5612963072,9.0638728791,,,3.3658597464
Apr-09,1.707016066,-2.9629794545,-3.2523461107,-6.3070181537,-31.2918837273,-1.3041791942,-2.3964540457,22.8051781365,27.825653459,8.9328079258,,,3.3658597464
May-09,1.7138575872,-2.9252584232,-3.2611848677,-6.3303515552,-32.129766576,-1.3055981393,-2.4012494505,22.3238594705,27.2650482426,8.8668030825,,,3.3658597464
Jun-09,4.9747058202,17.9694530244,15.9045249691,-0.3733154663,6.6081194922,7.0705186981,-13.147638167,12.4774832569,11.5673620846,-2.2576437284,,,2.7727218515
Jul-09,4.9622709279,17.7281570512,15.6556788882,-0.3734316529,6.634346429,7.0291024123,-13.1950016094,12.3490776043,11.4569225942,-2.2618991984,,,2.7727218515
Aug-09,4.9359366637,17.446580214,15.4909982725,-0.3635480839,6.5357943556,6.9881685026,-13.4410892981,12.1689953957,11.3485720197,-2.2661707412,,,2.7727218515
Sep-09,-4.0573979917,-1.1520022162,-9.1796386831,-7.4418693687,-5.0387570513,-16.7413086115,17.9534791488,8.1704745809,7.9346978748,-1.3869918535,,,2.2492231647
Oct-09,-4.064324865,-1.1531092032,-9.2128892622,-7.4781838024,-4.9974044119,-16.9781765859,17.592345208,8.061656977,7.882576136,-1.3885968307,,,2.2492231647
Nov-09,-4.0849753838,-1.1542183198,-9.3437851411,-7.5250788773,-5.0811649509,-17.2218436275,17.3381583324,8.0610664144,7.8311346894,-1.3902055267,,,2.2492231647
Dec-09,-2.0147745331,-3.2005789413,12.2829148147,6.4187893595,-5.4816193695,-15.1453959743,-18.3999771685,-11.8164342861,-11.4628137489,-2.9753912529,,,2.2788765847
Jan-10,-2.0123662813,-3.2289238428,12.1594593025,6.4284070041,-5.443334408,-15.404409234,-18.6865089854,-11.8796812357,-11.5053613862,-2.9827870555,,,2.2788765847
Feb-10,-2.0281718784,-3.2177964801,12.0153365858,6.3506169143,-5.531868309,-15.6047300605,-18.9821061337,-12.0532771123,-11.685408816,-2.9265203774,,,2.2788765847
Mar-10,5.2428237178,3.5654199872,-10.7836546021,-3.3390578373,-10.1120598503,15.3430355878,5.2699260237,22.8578339648,25.3442028124,10.5906355271,,,1.6461787248
Apr-10,5.2203119278,3.5115389251,-10.8608986897,-3.3269711948,-10.262817035,15.1493356523,5.3456613727,22.4305596146,24.7541216419,10.4979846566,,,1.6461787248
May-10,5.1905012994,3.5444858581,-11.000175721,-3.3810438087,-10.2859632579,14.9604655796,5.2236130285,22.0189664018,24.3183287593,10.4689867924,,,1.6461787248
Jun-10,-6.7304350236,-1.2774644124,-9.5600931496,0.8282861014,-13.6107319342,-5.6925192698,1.1795544855,-12.1363102298,-16.5062712999,-4.4755296634,,,1.7692869051
Jul-10,-6.7610114694,-1.3221106149,-9.6172065583,0.8592458446,-13.6999936108,-5.719652012,1.1783961667,-12.260307039,-16.7364891728,-4.4297760029,,,1.7692869051
Aug-10,-6.804788339,-1.2802362776,-9.7147262083,0.8271225217,-13.9258745849,-5.6823179789,1.1772401206,-12.4403028028,-16.9732198226,-4.5089292168,,,1.7692869051
Sep-10,-10.171510867,-12.7947222619,-5.09672935,-7.1261357263,-36.8287235702,-17.6699109399,-4.9128047003,-5.46331956,-20.635159753,-13.0583493877,,,2.5059084409
Oct-10,-10.2565331678,-12.952770074,-5.1384596819,-7.1860724289,-37.9949045079,-17.9339924912,-4.9330004518,-5.4883065806,-20.9962190849,-13.1378863304,,,2.5059084409
Nov-10,-10.3485617185,-13.0737323307,-5.1630421857,-7.2408990683,-39.2373615554,-18.1383960563,-4.9533629319,-5.5135232129,-21.3701388923,-13.3481588026,,,2.5059084409
Dec-10,-13.5451845968,-8.1547513702,-26.8574956969,-12.763073824,10.9630392054,-31.0619290934,-21.5355723441,-6.9004740645,-18.728042738,-3.2465795465,,,2.1886638691
Jan-11,-13.7036027665,-8.231203793,-27.4760888687,-12.9002811654,10.8637884294,-31.9587166129,-21.9291300724,-6.8855783436,-19.098161117,-3.3205848486,,,2.1886638691
Feb-11,-13.863296852,-8.2672549991,-28.1161850513,-13.0414365602,10.6938963475,-32.7598759204,-22.2324773226,-6.9804387835,-19.4070332822,-3.2644198586,,,2.1886638691
Mar-11,6.3652873189,3.7892010889,10.8758433048,1.6752358525,-2.8278813007,16.6001919136,2.409323842,17.7286522201,17.3557507314,14.0390487145,,,0.9176403447
Apr-11,6.3307492285,3.7772737043,10.7781580108,1.6825171934,-2.8345611391,16.3736831157,2.4044961654,17.4170079909,17.0360199088,13.9405727446,,,0.9176403447
May-11,6.2997609968,3.7654211726,10.6822118984,1.6705581377,-2.8412726097,16.1532726031,2.399687797,17.2205984733,16.7975465123,13.7173381919,,,0.9176403447
Jun-11,1.7626809738,-4.8942421635,-2.4890968897,3.2663596855,-3.7256901496,-2.8887663306,32.1883988485,5.3180140129,-2.0690275348,-4.5550455368,,,1.4120439314
Jul-11,1.7678204342,-4.8935124677,-2.5178927214,3.2648555797,-3.8106902349,-2.8957372576,31.3474950204,5.3468549058,-2.0726010929,-4.50877677,,,1.4120439314
Aug-11,1.7697957605,-4.8885936903,-2.4995151687,3.2391287867,-3.8228299055,-2.8318597213,30.5494111964,5.2710633385,-2.0761870167,-4.5896470292,,,1.4120439314
Sep-11,-10.2396476873,-6.6624539143,0.2367200877,-13.0555389081,10.0455812449,-18.0680058067,-35.5023652314,-5.3756749679,-9.6403396176,-0.9583899559,,,2.601011708
Oct-11,-10.32331532,-6.7207419481,0.2130108986,-13.1871153659,9.8897663208,-18.2711523225,-36.4824872891,-5.3998649409,-9.6455963076,-0.8951884041,,,2.601011708
Nov-11,-10.4015219497,-6.7120067367,0.2366313961,-13.3270408359,9.8089258796,-18.5536550796,-37.7320937844,-5.424273603,-9.7237562547,-0.9598720682,,,2.601011708
Dec-11,-4.4244526184,-2.6796414623,6.303762676,-7.8089008574,23.1911895151,-11.8558145846,-8.9030615064,-5.1308124801,0.5871200655,3.4519520927,,,3.4188790215
Jan-12,-4.4530664841,-2.7324349559,6.2276674628,-7.8720219931,22.7514811409,-11.9741179922,-8.8624329502,-5.1528444125,0.5868329477,3.3783985556,,,3.4188790215
Feb-12,-4.459031557,-2.7131212581,6.2384458526,-7.9162640767,22.3281368965,-12.0948062008,-9.0363492895,-5.1750663733,0.6598442201,3.3689139377,,,3.4188790215
Mar-12,23.5668360339,21.5890040173,34.7840980149,11.009592162,26.376163228,29.0790576587,63.8174279344,33.3237582071,32.1099066053,17.7052908634,,,3.8010041048
Apr-12,23.106594829,21.1621932388,33.7845840455,10.9085130503,25.8088586766,28.3910376052,60.5942333046,32.4739277956,31.3425687239,17.3862091303,,,3.8010041048
May-12,22.6787857059,20.8399359899,32.8808097692,10.8177740953,25.2654445765,27.7348240106,57.681029346,31.6182366737,30.4769569912,17.198672485,,,3.8010041048
Jun-12,5.7982712045,6.2207004592,3.6414868493,3.8783444818,33.0042763087,9.4340666191,37.1789966067,-8.3106936181,8.1058568838,2.4889347483,,,4.0604791034
Jul-12,5.7707360936,6.2326430894,3.632812701,3.8399828539,32.1207860085,9.3604767751,36.0616305491,-8.3186651389,7.9845971011,2.5442989995,,,4.0604791034
Aug-12,5.7316170751,6.1367015178,3.618523373,3.813784703,31.2833654273,9.2880261166,35.0094714915,-8.3767347492,7.9982522273,2.5389158632,,,4.0604791034
Sep-12,2.5762782254,11.6195359295,12.9974191716,-4.1211362798,9.5310526559,-21.6196769616,-29.0886932634,14.1610800444,22.1155886492,3.4973141684,,,4.8457752515
Oct-12,2.5647188795,11.5315053707,12.8766200418,-4.1646285781,9.5137305791,-22.0884866412,-29.8113744688,13.9959137706,21.7153706885,3.4871511087,,,4.8457752515
Nov-12,2.5603568568,11.3985653234,12.7193749656,-4.1791323711,9.4388976014,-22.5027075178,-30.5708811801,13.8831595769,21.3293808331,3.4770469449,,,4.8457752515
Dec-12,6.5736035393,20.1821199439,3.8406751852,-2.4691224524,8.1700984469,5.5007277813,8.1924007791,-11.6235494287,16.8691276942,1.1966494809,,,4.4594269595
Jan-13,6.5403390934,19.8258741317,3.8261746367,-2.460060133,8.1148489724,5.5484676327,8.0467432806,-11.7372406571,16.6964572615,1.1954573613,,,4.4594269595
Feb-13,6.4965902741,19.5256957935,3.8162540259,-2.5022727737,8.0603417376,5.4504257214,7.9931440989,-11.8531779254,16.4069803159,1.1942676145,,,4.4594269595
Mar-13,26.4370073818,23.4599748788,33.9680675292,13.1525075704,40.2698255472,41.0540097371,47.3023837724,35.6027264175,47.7424757778,21.4719222218,,,4.1290377505
Apr-13,25.8509409081,23.0101136014,33.0158328419,12.9735532197,38.9096168866,39.763608167,45.5082849887,34.5295886266,45.9154785079,21.0944634297,,,4.1290377505
May-13,25.3247847465,22.5597751272,32.1829215985,12.87076316,37.7384707659,38.4881391394,43.925196675,33.563738774,44.2231728769,20.7300465341,,,4.1290377505
Jun-13,8.5168830552,14.0790704878,-0.4246396622,5.6650489944,11.5129473021,-1.2479134153,21.3740065874,3.0718109501,19.1611249664,0.2264471394,,,3.5744625615
Jul-13,8.4616306109,13.8987959169,-0.4602109832,5.6771709989,11.403539497,-1.2492125063,20.9999526003,3.0639676713,18.8599701313,0.2264044156,,,3.5744625615
Aug-13,8.4002220763,13.7195422888,-0.4249529349,5.6473467347,11.2961915737,-1.2505143049,20.6387659523,3.0561643432,18.5681354832,0.2263617078,,,3.5744625615
Sep-13,-0.840789132,4.1988960445,24.3358678128,-3.2071102203,7.5049619124,2.9596353826,-32.4935839152,-5.2962076611,-4.9887567833,5.4762391856,,,2.0746979673
Oct-13,-0.8309986681,4.1842550002,23.8493094694,-3.170608894,7.5072311677,2.9523538033,-33.3979910662,-5.2737258856,-5.00958314,5.5074325118,,,2.0746979673
Nov-13,-0.8381025494,4.1331730032,23.4030276652,-3.2001653901,7.4119460227,3.0104727831,-34.2718021629,-5.2970050504,-5.0305841117,5.4822714346,,,2.0746979673
Dec-13,3.3643319776,9.2473220865,-5.9827375172,-3.8322255835,1.8458552957,-14.1359879193,15.7956244847,16.1857907313,9.1121328338,7.622252486,,,2.2437152459
Jan-14,3.3526785593,9.1766058942,-6.0456005458,-3.8617051476,1.8430203223,-14.3044967185,15.6706588825,15.9703765319,8.9922702243,7.5741423044,,,2.2437152459
Feb-14,3.337581859,9.0712481188,-6.04315973,-3.8856440225,1.8401940592,-14.409330355,15.3894265079,15.7606209344,8.9761989362,7.5266356399,,,2.2437152459
Mar-14,15.99434851,11.3362673307,12.0375624621,14.969318005,13.8557446931,31.6203571744,26.6399031275,4.6041523315,36.9737208616,11.446307716,,,0
Apr-14,15.7753745219,11.214218855,11.9199440741,14.7683728647,13.6975844136,30.7441913477,26.061320667,4.6305711527,35.9162941705,11.3381568766,,,0
May-14,15.5731432162,11.0914723064,11.8181917778,14.5950036923,13.4962333251,30.0388769804,25.5073369496,4.6127713258,34.8260290209,11.2320306565,,,0
Jun-14,2.5514260073,6.8183109222,12.2704278441,-0.326202314,-4.4036746641,1.817469991,13.0672797591,-21.233228703,-3.3955485183,6.2655009595,,,0
Jul-14,2.5469390795,6.7954210614,12.1147915237,-0.3302486569,-4.4670022786,1.8147214889,12.9265163783,-21.5702751311,-3.4051839141,6.232957054,,,0
Aug-14,2.5399036049,6.7416114735,12.0079443595,-0.3263808336,-4.4364087316,1.8119812872,12.7887533688,-21.9651139156,-3.4148741494,6.2531615236,,,0
Sep-14,1.0668388799,2.0674167421,7.0164308115,2.3866023373,8.9972746793,-5.695074446,-4.3920488234,27.631595933,-2.1099112631,-0.3669324043,,,0
Oct-14,1.058704207,2.0638610366,6.959732787,2.3788417766,8.8837343203,-5.659201434,-4.4081829705,27.0538538993,-2.1136275696,-0.3670446381,,,0
Nov-14,1.0694583145,2.0603175155,6.9188267417,2.4117615822,8.8646919381,-5.6860167457,-4.424436092,26.4140980502,-2.1173569906,-0.3146990708,,,0
Dec-14,4.2874061948,4.7163808709,3.5296963246,1.5891520128,5.352002401,-8.5798633653,-10.9496471137,-17.7348495675,25.5799711258,9.2491041173,,,0
Jan-15,4.2735952204,4.6979165568,3.5314380953,1.5940949812,5.3740688147,-8.6416504471,-11.050480202,-17.9563295874,25.0912011344,9.1783607578,,,0
Feb-15,4.2527310538,4.679596227,3.5375238128,1.5919801745,5.350108897,-8.6396246827,-11.1531876674,-18.2743508781,24.5772880629,9.1086913745,,,0
Mar-15,6.877872736,6.9430934358,9.497754582,7.0163719015,8.048685881,8.7681043402,11.8190939027,13.1389816117,8.1111175025,4.7583578668,,,0
Apr-15,6.8385254035,6.8850745916,9.4375789811,6.9924636468,7.950040374,8.7045024049,11.7770680918,12.9966776153,8.1002989425,4.6887004354,,,0
May-15,6.8017099036,6.8787940253,9.3774805325,6.9390253502,7.8977175394,8.7051293826,11.5900673179,12.9012195357,8.0459863256,4.7211178353,,,0
